<log>
<starttest xmlns:cdf="http://www.opengis.net/cite/data"
           xmlns:cgf="http://www.opengis.net/cite/geometry"
           xmlns:example="http://www.somehost.com/example"
           xmlns:saxon="http://saxon.sf.net/"
           xmlns:gml="http://www.occamlab.com/gml"
           xmlns:xs="http://www.w3.org/2001/XMLSchema"
           xmlns:ogc="http://www.opengis.net/ogc"
           xmlns:parsers="http://www.occamlab.com/te/parsers"
           xmlns:te="java:com.occamlab.te.TECore"
           xmlns:wms="http://www.opengis.net/wms"
           xmlns:citef="http://www.opengis.net/cite/functions"
           xmlns:xlink="http://www.w3.org/1999/xlink"
           xmlns:ctl="http://www.occamlab.com/ctl"
           xmlns:ccf="http://www.opengis.net/cite/complex"
           file="/home/jdeolive/devel/geoserver/trunk/geoserver/community/cite/tests/wms/1.1.1/ets/ctl/wms.xml"
           local-name="wmsops-getmap-params-bbox-1"
           namespace-uri="http://www.opengis.net/wms"
           prefix="wms"
           path="wms-1.1.1/w8aac25b3c31d115b1_1">
   <assertion>When a GetMap request uses integer values for the BBOX parameter, then the response is valid.</assertion>
   <param name="VAR_WMS_GET_MAP_HTTP_GET_URL" label="&lt;&gt;">
      <value>http://localhost:8080/geoserver/wms?SERVICE=WMS&amp;</value>
   </param>
   <param name="VAR_WMS_VERSION" label="&lt;&gt;">
      <value>1.1.1</value>
   </param>
   <param name="VAR_BASIC_POLYGONS" label="&lt;&gt;">
      <value>cite:BasicPolygons</value>
   </param>
   <param name="VAR_READABLE_IMAGE_FORMAT" label="&lt;&gt;">
      <value>image/png</value>
   </param>
   <context label="">
      <value te:used="false"/>
   </context>
</starttest>
<formresults xmlns:cdf="http://www.opengis.net/cite/data"
             xmlns:cgf="http://www.opengis.net/cite/geometry"
             xmlns:example="http://www.somehost.com/example"
             xmlns:saxon="http://saxon.sf.net/"
             xmlns:gml="http://www.occamlab.com/gml"
             xmlns:xs="http://www.w3.org/2001/XMLSchema"
             xmlns:ogc="http://www.opengis.net/ogc"
             xmlns:parsers="http://www.occamlab.com/te/parsers"
             xmlns:te="java:com.occamlab.te.TECore"
             xmlns:wms="http://www.opengis.net/wms"
             xmlns:citef="http://www.opengis.net/cite/functions"
             xmlns:xlink="http://www.w3.org/1999/xlink"
             xmlns:ctl="http://www.occamlab.com/ctl"
             xmlns:ccf="http://www.opengis.net/cite/complex"
             id="w8aad139c15b1b1_1">
   <values>
      <value key="submit">yes</value>
   </values>
</formresults>
<endtest xmlns:cdf="http://www.opengis.net/cite/data"
         xmlns:cgf="http://www.opengis.net/cite/geometry"
         xmlns:example="http://www.somehost.com/example"
         xmlns:saxon="http://saxon.sf.net/"
         xmlns:gml="http://www.occamlab.com/gml"
         xmlns:xs="http://www.w3.org/2001/XMLSchema"
         xmlns:ogc="http://www.opengis.net/ogc"
         xmlns:parsers="http://www.occamlab.com/te/parsers"
         xmlns:te="java:com.occamlab.te.TECore"
         xmlns:wms="http://www.opengis.net/wms"
         xmlns:citef="http://www.opengis.net/cite/functions"
         xmlns:xlink="http://www.w3.org/1999/xlink"
         xmlns:ctl="http://www.occamlab.com/ctl"
         xmlns:ccf="http://www.opengis.net/cite/complex"
         result="0"/>
</log>
