
 <xs:complexType name="Other_Type">
    <xs:complexContent>
      <xs:extension base="gml:AbstractFeatureType">
        <xs:sequence>
          <xs:element ref="gml:pointProperty" minOccurs="0"/>
          <xs:element name="string1" type="xs:string"/> 
          <xs:element name="string2" type="xs:string" minOccurs="0"/>
          <xs:element name="integers" type="xs:integer" minOccurs="0"/>
          <xs:element name="dates" type="xs:date" minOccurs="0"/>
        </xs:sequence>
      </xs:extension>
    </xs:complexContent>
  </xs:complexType>