<?xml version="1.0" encoding="UTF-8"?>
<catalog>
  <datastores>
    <!--
    a datastore configuration element serves as a common data source connection
    parameters repository for all featuretypes it holds.
    -->
    <datastore id="bc_shapefile"
               enabled="true"
               namespace="topp">
      <description>British Columbia sample road shapefiles</description>
      <connectionParams>
        <!-- change the file to the location where geoserver puts the file.
             We're working on making this easier to configure, automatically detect it for you.  -->
        <parameter name="url" value="file:data/featureTypes/bc_roads/bc_roads.shp"/>
      </connectionParams>
    </datastore>

    <datastore id="dSkae"
               enabled="true"
               namespace="lakes">
      <description>Sample source data for lakes. Should not pass all validations.</description>
      <connectionParams>
        <parameter name="url" value="file:data/featureTypes/skae_lakes/skae_lakes.shp"/>
      </connectionParams>
    </datastore>
  </datastores>

  <namespaces>
    <namespace uri="http://www.refractions.net/lakes" 
	           prefix="lakes"/>
    <namespace uri="http://www.openplans.org/topp" 
	           prefix="topp"/>
  </namespaces>

  <styles>
      <style id="dotty" filename="funkypolyshp.sld"/>
      <style id="green" filename="green.sld"/>
      <style id="maleVsFemale" filename="usa_ratio.sld"/>
      <style id="normal" filename="normal.sld" default="true"/>
  </styles>

</catalog>