<?xml version="1.0" encoding="UTF-8"?>
<catalog>
  <datastores>
    
    <datastore id="cdf"
               enabled="true"
               namespace="cdf">
               <!-- enabled is optional, defaults to true -->
      <description>A sample postgis testing database</description>
      <connectionParams>
        <parameter name="dbtype" value="postgis"/>
        <parameter name="host" value="hydra"/>
        <parameter name="port" value="5432"/>
        <parameter name="database" value="dzwiers"/>
        <parameter name="user" value="cite"/>
        <parameter name="passwd" value="cite"/>
      </connectionParams>
    </datastore> 
    
    <datastore id="cgf"
               enabled="true"
               namespace="cgf">
               <!-- enabled is optional, defaults to true -->
      <description>A sample postgis testing database</description>
      <connectionParams>
        <parameter name="dbtype" value="postgis"/>
        <parameter name="host" value="hydra"/>
        <parameter name="port" value="5432"/>
        <parameter name="database" value="dzwiers"/>
        <parameter name="user" value="cite"/>
        <parameter name="passwd" value="cite"/>
      </connectionParams>
    </datastore> 
  </datastores>

  <namespaces>
	<namespace default="true" uri="http://www.opengis.net/cite/data"
	           prefix="cdf"/>
	<namespace uri="http://www.opengis.net/cite/geometry"
	           prefix="cgf"/>
  </namespaces>

  <styles>
      <style id="dotty" filename="funkypolyshp.sld"/>
      <style id="green" filename="green.sld"/>
      <style id="maleVsFemale" filename="usa_ratio.sld"/>
      <style id="normal" filename="normal.sld" default="true"/>
  </styles>

</catalog>
