<?xml version="1.0" encoding="ISO-8859-1"?>
<metadata>
<idinfo>
<citation>
<citeinfo>
<origin>
U.S. Department of Commerce
U.S. Census Bureau
Geography Division
</origin>
<pubdate>2002</pubdate>
<title>New York City Urban Areas, TIGER/Line Files, 2000</title>
<edition>UA Census 2000</edition>
<geoform>Web Feature Server</geoform>
<serinfo>
<sername>TIGER/Line Files</sername>
<issue>
Version (MMYY) represents the month and year
file created
</issue>
</serinfo>
<pubinfo>
<pubplace>Washington, DC</pubplace>
<publish>
U.S. Department of Commerce
U.S. Census Bureau
Geography Division
</publish>
</pubinfo>
<onlink>GeoServer WFS:&lt;URL:http://beta.openplans.org:8080/geoserver/GetCapabilities?&gt;</onlink>
</citeinfo>
</citation>
<descript>
<abstract>
TIGER, TIGER/Line, and Census TIGER are registered trademarks of the
U.S. Census Bureau.  ZCTA is a trademark of the U.S. Census Bureau.
The 2002 TIGER/Line files are an extract of selected geographic and
cartographic information from the Census TIGER database.  The
TIGER/Line data are not in a mapping projection even though most of
the features were scanned directly from source maps that were in a
projection.  The polygons of the New York City urban areas data subset of
the TIGER/Line data was imported into a postgis database, and then used as
a backend for the GeoServer Web Feature Service.  The urban areas are
represented as a multipolygon for each borough, returned as features in
GML2.  The data can be queried using http post and get requests, as
specified in the Open GIS Consortium&apos;s Web Feature Service specification.
</abstract>
<purpose>
This dataset is used to demonstration the capabilties of GeoServer,
a Java j2ee implementation of the OGC&apos;s Web Feature Service (WFS).
It also demonstrates the capabilities of the zserver module, which
provides an integrated z39.50 Geo Profile server, written in Java.
The TIGER/Line data that is provided by the U.S. Census Bureau
in order for others to use the information in the Census TIGER
database in a geographic information system (GIS) or for other
geographic applications, the Census Bureau releases to the public
extracts of the database in the form of TIGER/Line files.  Various
versions of the TIGER/Line files have been released on an irregular
schedule since 1990; previous versions of the Census 2000 series
include the Redistricting Census 2000 TIGER/Line files, the UA
Census 2000 TIGER/Line files and the Census 2000 TIGER/Line files.
</purpose>
<supplinf>
To find out more about TIGER/Line files and other Census TIGER
database derived data sets visit http://www.census.gov/geo/www/tiger.
To find out more about GeoServer visit http://geoserver.sourceforg
</supplinf>
</descript>
<timeperd>
<timeinfo>
<sngdate>
<caldate>2002</caldate>
</sngdate>
</timeinfo>
<current>2002</current>
</timeperd>
<status>
<progress>Complete</progress>
<update>
TIGER/Line files are extracted from the Census TIGER database when
needed for geographic programs required to support the census and
survey programs of the U.S. Census Bureau.  No changes or updates
will be made to the UA Census 2000 TIGER/Line files.  Future releases
of TIGER/Line files will reflect updates made to the Census TIGER
database and will be released under a version numbering system
based on the month and year the data is extracted.
</update>
</status>
<spdom>
<bounding>
<westbc>-74.270000</westbc>
<eastbc>-73.800000</eastbc>
<northbc>40.940000</northbc>
<southbc>40.500000</southbc>
</bounding>
</spdom>
<keywords>
<theme>
<themekt>None</themekt>
<themekey>Line Feature</themekey>
<themekey>Feature Identifier</themekey>
<themekey>Census Feature Class Code (CFCC)</themekey>
<themekey>Address Range</themekey>
<themekey>Geographic Entity</themekey>
<themekey>Point/Node</themekey>
<themekey>TIGER/Line</themekey>
<themekey>Street Centerline</themekey>
<themekey>Latitude/Longitude</themekey>
<themekey>Urban Areas</themekey>
<themekey>Urbanized Areas</themekey>
<themekey>Polygon</themekey>
<themekey>TIGER/Line Identification Number (TLID)</themekey>
<themekey>TIGER Zero-Cell ID (TZID)</themekey>
<themekey>Coordinate</themekey>
<themekey>New York City</themekey>
<themekey>Kings County</themekey>
<themekey>Queens County</themekey>
<themekey>Manhattan</themekey>
<themekey>WFS</themekey>
<themekey>Web Feature Service</themekey>
<themekey>OGC</themekey>
<themekey>CIESIN</themekey>
</theme>
<place>
<placekt>
FIPS Publication 6-4
FIPS Publication 55
</placekt>
<placekey>New York</placekey>
<placekey>Bronx</placekey>
<placekey>Brooklyn</placekey>
<placekey>Queens</placekey>
<placekey>Richmond</placekey>
<placekey>Manhattan</placekey>
<placekey>County</placekey>
<placekey>Kings</placekey>
</place>
</keywords>
<accconst>None</accconst>
<useconst>
None.  Acknowledgment of the U.S. Census Bureau would be appreciated
for products derived from these files.  TIGER, TIGER/Line, and Census
TIGER are registered trademarks of the U.S. Census Bureau.  ZCTA is a
trademark of the U.S. Census Bureau.
</useconst>
<native>
TIGER/Line files are created and processed in a VMS environment.
The environment consists of two Alpha Server 8400s clustered together
running OpenVMS version 6.2-1H3 used for production operations.  The
Census TIGER system is driven by DEC Command language (DCL) procedures
which invoke C software routines to extract selected geographic and
cartographic information (TIGER/Line files) from the operational
Census TIGER database.
</native>
</idinfo>
<dataqual>
<attracc>
<attraccr>
Accurate against Federal information Processing Standards (FIPS),
FIPS Publication 6-4, and FIPS-55 at the 100% level for the codes
and base names.  The remaining attribute information has been
examined but has not been fully tested for accuracy.
</attraccr>
</attracc>
<logic>
The feature network of lines (as represented by Record Types 1 and 2)
is complete for census purposes.  Spatial objects in TIGER/Line belong
to the &quot;Geometry and Topology&quot; (GT) class of objects in the &quot;Spatial
Data Transfer Standard&quot; (SDTS) FIPS Publication 173 and are
topologically valid.  Node/geometry and topology (GT)-polygon/chain
relationships are collected or generated to satisfy topological edit
requirements.  These requirements include:
* Complete chains must begin and end at nodes.
* Complete chains must connect to each other at nodes.
* Complete chains do not extend through nodes.
* Left and right GT-polygons are defined for each complete chain
element and are consistent throughout the extract process.
* The chains representing the limits of the files are free of gaps.
The Census Bureau performed automated tests to ensure logical
consistency and limits of files.  All polygons are tested for closure.
The Census Bureau uses its internally developed Geographic Update
System to enhance and modify spatial and attribute data in the Census
TIGER database.  Standard geographic codes, such as FIPS codes for
states, counties, municipalities, and places, are used when encoding
spatial entities.  The Census Bureau performed spatial data tests for
logical consistency of the codes during the compilation of the original
Census TIGER database files.  Most of the Codes themselves were provided
to the Census Bureau by the USGS, the agency responsible for maintaining
FIPS 55. Feature attribute information has been examined but has not been
fully tested for consistency.
</logic>
<complete>
Data completeness of the TIGER/Line files reflects the contents of the
Census TIGER database at the time the TIGER/Line files (2002 version)
were created.
</complete>
<posacc>
<horizpa>
<horizpar>
The information present in these files is provided for the purposes
of statistical analysis and census operations only.  Coordinates
in the TIGER/Line files have six implied decimal places, but
the positional accuracy of these coordinates is not as great as
the six decimal places suggest.  The positional accuracy varies
with the source materials used, but generally the information is
no better than the established national map Accuracy standards
for 1:100,000-scale maps from the U.S. Geological Survey (USGS);
thus it is NOT suitable for high-precision measurement applications
such as engineering problems, property transfers, or other uses
that might require highly accurate measurements of the earth&apos;s
surface.  The USGS 1:100,000-scale maps met national map accuracy
standards and use coordinates defined by the North American Datum,
1983.  For the contiguous 48 States, the cartographic fidelity of
most of the TIGER/Line files, in areas outside the 1980 census
Geographic Base File/Dual Independent map Encoding (GBF/DIME) file
coverage and selected other large metropolitan areas, compare
favorably with the USGS 1:100,000-scale maps.  The Census Bureau
cannot specify the accuracy of features inside of what was the
1980 GBF/DIME-File coverage or selected metropolitan areas.  The
Census Bureau added updates to the TIGER/Line files that enumerators
annotated on maps sheets prepared from the Census TIGER database as
they attempted to traverse every street feature shown on the Census
2000 map sheets; the Census Bureau also made other corrections from
updated map sheets supplied by local participants for Census Bureau
programs.  The locational accuracy of these updates is of unknown
quality.  In addition to the Federal, State, and local sources,
portions of the files may contain information obtained in part from
maps and other materials prepared by private companies.  Despite the
fact the TIGER/Line data positional accuracy is not as high as the
coordinate values imply, the six-decimal place precision is useful
when producing maps.  The precision allows features that are next
to each other on the ground to be placed in the correct position,
on the map, relative to each other, without overlap.
</horizpar>
</horizpa>
</posacc>
<lineage>
<srcinfo>
<srccite>
<citeinfo>
<origin>
U.S. Department of Commerce
U.S. Census Bureau
Geography Division
</origin>
<pubdate>Unpublished material</pubdate>
<title>Census TIGER database</title>
<edition>UA Census 2000</edition>
</citeinfo>
</srccite>
<typesrc>On line</typesrc>
<srctime>
<timeinfo>
<sngdate>
<caldate>2000</caldate>
</sngdate>
</timeinfo>
<srccurr>
Date the file was made available
to create TIGER/Line File extracts.
</srccurr>
</srctime>
<srccitea>TIGER</srccitea>
<srccontr>
Selected geographic and cartographic information (line segments)
from the Census TIGER database.
</srccontr>
</srcinfo>
<procstep>
<procdesc>
In order for others to use the information in the Census TIGER
database in a GIS or for other geographic applications, the
Census Bureau releases periodic extracts of selected information
from the Census TIGER database, organized as topologically
consistent networks.  Software (TIGER DB routines) written by
the Geography Division allows for efficient access to Census
TIGER system data.  TIGER/Line files are extracted from the
Census TIGER database by county or statistical equivalent
area.  Census TIGER data for a given county or statistical
equivalent area is then distributed among 19 fixed length
record ASCII files, each one containing attributes for either
line, polygon, or landmark geographic data types.  The Census
Bureau has released various versions of the TIGER/Line files
since 1988, with each version having more updates (feature
and feature names, address ranges and ZIP Codes, coordinate
updates, revised field definitions, etc.) than the previous
version.
</procdesc>
<srcused>Census TIGER database</srcused>
<procdate>2000</procdate>
</procstep>
</lineage>
</dataqual>
<spdoinfo>
<indspref>
Federal Information Processing Standards (FIPS) and feature
names and addresses.
</indspref>
<direct>Vector</direct>
<ptvctinf>
<sdtsterm>
<sdtstype>Node, network</sdtstype>
<ptvctcnt>570 to 56,000</ptvctcnt>
</sdtsterm>
<sdtsterm>
<sdtstype>Entity point</sdtstype>
</sdtsterm>
<sdtsterm>
<sdtstype>Complete chain</sdtstype>
<ptvctcnt>790 to 83,000</ptvctcnt>
</sdtsterm>
<sdtsterm>
<sdtstype>GT-polygon composed of chains</sdtstype>
<ptvctcnt>290 to 33,000</ptvctcnt>
</sdtsterm>
</ptvctinf>
</spdoinfo>
<spref>
<horizsys>
<geograph>
<latres>0.000458</latres>
<longres>0.000458</longres>
<geogunit>Decimal degrees</geogunit>
</geograph>
</horizsys>
</spref>
<eainfo>
<overview>
<eaover>
The TIGER/Line files contain data describing three major
types of features/entities;  This dataset uses just the
Water Polygon Features.
</eaover>
<eadetcit>
U.S. Census Bureau, TIGER/Line files, 2002 Technical
Documentation.  The TIGER/Line documentation defines the terms
and definitions used within the files.
</eadetcit>
</overview>
</eainfo>
<distinfo>
<distrib>
<cntinfo>
<cntorgp>
<cntorg>
U.S. Department of Commerce
U.S. Census Bureau
Geography Division
Geographic Products Management Branch
</cntorg>
</cntorgp>
<cntaddr>
<addrtype>Physical address</addrtype>
<address>8903 Presidential Parkway, Room 303 WP I</address>
<city>Upper Marlboro</city>
<state>Maryland</state>
<postal>20772</postal>
</cntaddr>
<cntaddr>
<addrtype>Mailing address</addrtype>
<address>4700 Silver Hill Road, Stop 7400</address>
<city>Washington</city>
<state>District of Columbia</state>
<postal>20233-7400</postal>
</cntaddr>
<cntvoice>(301) 763-1128</cntvoice>
<cntvoice>(301) 763-1128</cntvoice>
<cntfax>
(301) 763-4710
Contact_Electronic _Mail_Address: tiger@census.gov
</cntfax>
</cntinfo>
</distrib>
<resdesc>2002 TIGER/Line Files</resdesc>
<distliab>
No warranty, expressed or implied is made and no liability is
assumed by the U.S. Government in general or the U.S. Census
Bureau in specific as to the positional or attribute accuracy
of the data.  The act of distribution shall not constitute
any such warranty and no responsibility is assumed by the U.S.
Government in the use of these files.
</distliab>
<stdorder>
<digform>
<digtinfo>
<formname>TGRLN (compressed)</formname>
<formvern>2002</formvern>
<formverd>2002</formverd>
<filedec>PK-ZIP, version 1.93A or higher</filedec>
</digtinfo>
<digtopt>
<onlinopt>
<computer>
<networka>
<networkr>www.census.gov/geo/www/tiger</networkr>
</networka>
</computer>
</onlinopt>
</digtopt>
</digform>
<fees>
The online copy of the TIGER/Line files may be accessed without
charge.  See http://www.census.gov/geo/www/tiger for information
on availability on CD-ROM/DVD and associated costs for these
products.
</fees>
<ordering>
To obtain more information about ordering TIGER/Line files visit
http://www.census.gov/geo/www/tiger.
Technical_Prequisites: The 2002 TIGER/Line files contain
geographic data only and do not include display or mapping software
or statistical data.  For information on how to use the TIGER/Line
data with a specific software package users should contact the
company that produced the software.  A list of vendors who have
developed software capable of processing TIGER/Line files can be
found by visiting http://www.census.gov/geo/www/tiger.  The
TIGER/Line files are provided in ASCII text format only.  Users
are responsible for converting or translating the files into a
format used by their specific software package.
</ordering>
</stdorder>
</distinfo>
<metainfo>
<metd>2002</metd>
<metc>
<cntinfo>
<cntorgp>
<cntorg>
U.S. Department of Commerce
U.S. Census Bureau
Geography Division
Geographic Products Management Branch
</cntorg>
</cntorgp>
<cntaddr>
<addrtype>Physical Address</addrtype>
<address>8903 Presidential Parkway, Room 303 WP I</address>
<city>Upper Marlboro</city>
<state>Maryland</state>
<postal>20772</postal>
</cntaddr>
<cntvoice>(301) 763-1128</cntvoice>
<cntemail>tiger@census.gov</cntemail>
</cntinfo>
</metc>
<metstdn>FGDC Content Standards for Digital Geospatial Metadata</metstdn>
<metstdv>FGDC-STD-001-1998</metstdv>
</metainfo>
</metadata>
