<log>
<starttest xmlns:cdf="http://www.opengis.net/cite/data"
           xmlns:wcs1="http://www.opengis.net/wcs"
           xmlns:cgf="http://www.opengis.net/cite/geometry"
           xmlns:example="http://www.somehost.com/example"
           xmlns:saxon="http://saxon.sf.net/"
           xmlns:gml="http://www.opengis.net/gml"
           xmlns:xs="http://www.w3.org/2001/XMLSchema"
           xmlns:ogc="http://www.opengis.net/ogc"
           xmlns:parsers="http://www.occamlab.com/te/parsers"
           xmlns:wcs1-0-0="http://www.opengis.net/wcs"
           xmlns:te="java:com.occamlab.te.TECore"
           xmlns:wcs="http://www.opengis.net/wcs"
           xmlns:wfs="http://www.opengis.net/wfs"
           xmlns:citef="http://www.opengis.net/cite/functions"
           xmlns:wms="http://www.opengis.net/wms"
           xmlns:xlink="http://www.w3.org/1999/xlink"
           xmlns:ctl="http://www.occamlab.com/ctl"
           xmlns:ccf="http://www.opengis.net/cite/complex"
           file="/home/jdeolive/devel/geoserver/trunk/geoserver/community/cite/tests/wcs/1.0.0/ets/ctl/wcs.xml"
           local-name="main"
           namespace-uri="http://www.opengis.net/wcs"
           prefix="wcs1-0-0"
           path="wcs-1.0.0">
   <assertion>The WCS 1.0.0 implementation being tested behaves properly</assertion>
   <context label="">
      <value te:used="false"/>
   </context>
</starttest>
<formresults xmlns:ccf="http://www.opengis.net/cite/complex"
             xmlns:cdf="http://www.opengis.net/cite/data"
             xmlns:cgf="http://www.opengis.net/cite/geometry"
             xmlns:citef="http://www.opengis.net/cite/functions"
             xmlns:ctl="http://www.occamlab.com/ctl"
             xmlns:example="http://www.somehost.com/example"
             xmlns:gml="http://www.opengis.net/gml"
             xmlns:ogc="http://www.opengis.net/ogc"
             xmlns:parsers="http://www.occamlab.com/te/parsers"
             xmlns:saxon="http://saxon.sf.net/"
             xmlns:te="java:com.occamlab.te.TECore"
             xmlns:wcs="http://www.opengis.net/wcs"
             xmlns:wcs1="http://www.opengis.net/wcs"
             xmlns:wcs1-0-0="http://www.opengis.net/wcs"
             xmlns:wfs="http://www.opengis.net/wfs"
             xmlns:wms="http://www.opengis.net/wms"
             xmlns:xlink="http://www.w3.org/1999/xlink"
             xmlns:xs="http://www.w3.org/2001/XMLSchema"
             id="w8aac31b3b1b1_1">
   <values>
      <value key="VAR_WCS1-0-0_CAPABILITIES_URL">http://localhost:8080/geoserver/wcs?request=getcapabilities&amp;service=wCs&amp;version=1.0.0</value>
      <value key="VAR_WCS_FORMAT_1_HEADER">image/tiff</value>
      <value key="VAR_HIGH_UPDATESEQUENCE"/>
      <value key="VAR_LOW_UPDATESEQUENCE"/>
      <value key="VAR_WCS_COVERAGE_1_RESX">0.1</value>
      <value key="VAR_WCS_COVERAGE_1_RESY">0.1</value>
      <value key="xml">xml</value>
      <value key="haveparameter">haveparameter</value>
   </values>
</formresults>
<request xmlns:ccf="http://www.opengis.net/cite/complex"
         xmlns:cdf="http://www.opengis.net/cite/data"
         xmlns:cgf="http://www.opengis.net/cite/geometry"
         xmlns:citef="http://www.opengis.net/cite/functions"
         xmlns:ctl="http://www.occamlab.com/ctl"
         xmlns:example="http://www.somehost.com/example"
         xmlns:gml="http://www.opengis.net/gml"
         xmlns:ogc="http://www.opengis.net/ogc"
         xmlns:parsers="http://www.occamlab.com/te/parsers"
         xmlns:saxon="http://saxon.sf.net/"
         xmlns:te="java:com.occamlab.te.TECore"
         xmlns:wcs="http://www.opengis.net/wcs"
         xmlns:wcs1="http://www.opengis.net/wcs"
         xmlns:wcs1-0-0="http://www.opengis.net/wcs"
         xmlns:wfs="http://www.opengis.net/wfs"
         xmlns:wms="http://www.opengis.net/wms"
         xmlns:xlink="http://www.w3.org/1999/xlink"
         xmlns:xs="http://www.w3.org/2001/XMLSchema"
         id="w8aac31b3b3b1_1">
   <url>http://localhost:8080/geoserver/wcs?request=getcapabilities&amp;service=wCs&amp;version=1.0.0</url>
   <method>get</method>
</request>
<response id="w8aac31b3b3b1_1">
   <parser/>
   <content>
      <WCS_Capabilities xmlns="http://www.opengis.net/wcs" xmlns:gml="http://www.opengis.net/gml"
                        xmlns:ogc="http://www.opengis.net/ogc"
                        xmlns:xlink="http://www.w3.org/1999/xlink"
                        xmlns:xsi="http://www.w3.org/2001/XMLSchema-instance"
                        version="1.0.0"
                        xsi:schemaLocation="http://www.opengis.net/wcs http://localhost:8080/geoserver/schemas/wcs/1.0.0/wcsCapabilities.xsd">
         <Service version="1.0.0">
            <metadataLink about="http://geoserver.sourceforge.net/html/index.php" metadataType="other"/>
            <description>
This is a description of your Web Coverage Server.
</description>
            <name>My GeoServer WCS</name>
            <label>My GeoServer WCS</label>
            <keywords>
               <keyword>WCS</keyword>
               <keyword>WMS</keyword>
               <keyword>GEOSERVER</keyword>
            </keywords>
            <fees>NONE</fees>
            <accessConstraints>NONE</accessConstraints>
         </Service>
         <Capability>
            <Request>
               <GetCapabilities>
                  <DCPType>
                     <HTTP>
                        <Get>
                           <OnlineResource xlink:href="http://localhost:8080/geoserver/wcs?"/>
                        </Get>
                     </HTTP>
                  </DCPType>
                  <DCPType>
                     <HTTP>
                        <Post>
                           <OnlineResource xlink:href="http://localhost:8080/geoserver/wcs?"/>
                        </Post>
                     </HTTP>
                  </DCPType>
               </GetCapabilities>
               <DescribeCoverage>
                  <DCPType>
                     <HTTP>
                        <Get>
                           <OnlineResource xlink:href="http://localhost:8080/geoserver/wcs?"/>
                        </Get>
                     </HTTP>
                  </DCPType>
                  <DCPType>
                     <HTTP>
                        <Post>
                           <OnlineResource xlink:href="http://localhost:8080/geoserver/wcs?"/>
                        </Post>
                     </HTTP>
                  </DCPType>
               </DescribeCoverage>
               <GetCoverage>
                  <DCPType>
                     <HTTP>
                        <Get>
                           <OnlineResource xlink:href="http://localhost:8080/geoserver/wcs?"/>
                        </Get>
                     </HTTP>
                  </DCPType>
                  <DCPType>
                     <HTTP>
                        <Post>
                           <OnlineResource xlink:href="http://localhost:8080/geoserver/wcs?"/>
                        </Post>
                     </HTTP>
                  </DCPType>
               </GetCoverage>
            </Request>
            <Exception>
               <Format>application/vnd.ogc.se_xml</Format>
               <Format>application/vnd.ogc.se_inimage</Format>
               <Format>application/vnd.ogc.se_blank</Format>
            </Exception>
         </Capability>
         <ContentMetadata version="1.0.0">
            <CoverageOfferingBrief>
               <metadataLink about="http://edcdaac.usgs.gov/gtopo30/gtopo30.asp" metadataType="other"/>
               <description>Generated from gtopo</description>
               <name>cdf:W020N90</name>
               <label>W020N90 is a Gtopo30 Coverage Format</label>
               <lonLatEnvelope srsName="WGS84(DD)">
                  <gml:pos>-19.999999999999996 40.000000000019995</gml:pos>
                  <gml:pos>19.99999999998401 90.0</gml:pos>
               </lonLatEnvelope>
               <keywords>
                  <keyword>WCS</keyword>
                  <keyword>gtopo</keyword>
                  <keyword>W020N90</keyword>
               </keywords>
            </CoverageOfferingBrief>
            <CoverageOfferingBrief>
               <metadataLink about="http://www.geotools.org/WorldImageReader+formats" metadataType="other"/>
               <description>Generated from usa</description>
               <name>cdf:usa</name>
               <label>usa is a A raster file accompanied by a spatial data file</label>
               <lonLatEnvelope srsName="WGS84(DD)">
                  <gml:pos>-130.85168 20.7052</gml:pos>
                  <gml:pos>-62.0054 54.1141</gml:pos>
               </lonLatEnvelope>
               <keywords>
                  <keyword>WCS</keyword>
                  <keyword>usa</keyword>
                  <keyword>usa</keyword>
               </keywords>
            </CoverageOfferingBrief>
         </ContentMetadata>
      </WCS_Capabilities>
   </content>
</response>
</log>
